ProductID,ProductName,Category,Price
200,Report,Books,89
201,Shake,Electronics,226
202,Skill,Books,494
203,Into,Home Appliances,160
204,Responsibility,Books,479
205,Card,Home Appliances,140
206,Pull,Books,198
207,Notice,Books,406
208,Explain,Home Appliances,247
209,Protect,Home Appliances,345
210,Heavy,Accessories,124
211,Process,Electronics,98
212,Mind,Accessories,67
213,Guy,Electronics,224
214,Present,Home Appliances,287
215,Both,Accessories,334
216,Size,Home Appliances,293
217,Despite,Books,367
218,Answer,Accessories,487
219,Truth,Accessories,448
220,We,Electronics,472
221,Hope,Electronics,292
222,Price,Electronics,191
223,Care,Electronics,335
224,Friend,Electronics,428
225,Nor,Books,466
226,Suffer,Accessories,179
227,North,Home Appliances,221
228,Gun,Home Appliances,438
229,Voice,Electronics,294
230,Notice,Books,323
231,Role,Home Appliances,82
232,Dinner,Electronics,291
233,Enter,Books,383
234,Just,Books,390
235,Level,Home Appliances,367
236,Maybe,Accessories,350
237,Behavior,Accessories,190
238,Your,Books,219
239,Performance,Home Appliances,256
240,Dog,Accessories,377
241,Argue,Electronics,133
242,Like,Electronics,440
243,Available,Accessories,258
244,Guess,Accessories,166
245,Catch,Accessories,89
246,Dream,Home Appliances,229
247,Happen,Electronics,57
248,System,Books,360
249,Story,Accessories,360
